Type,Age,Energy,Playfulness,Curiosity,Affection,Outdoor Time,Interaction Time,Weight,puzzzle,reaction,retrieval,Intelligent,Intelligence
Tabby,10,5.430610937891406,4.405450936006766,4.02779122460467,5.573022247059118,3.987735106829993,3.7647008085868903,4.342068500975285,22.050302255430253,4.04145376910797,85.08898091203754,1,False
Orange,5,2.6968893591742105,1.534627618337374,2.5461942826249917,9.09361019361614,4.513177158966249,5.0,5.323447296042354,28.571649740026565,5.0,61.3094165250363,1,False
Tabby,1,6.282088441105427,6.01838153693969,3.967935099513787,5.354445084309707,6.840063234076855,3.2503850108554606,4.433585944652348,25.757842835711433,2.5788689433695366,100.0,1,False
Tabby,8,6.649552535957851,7.925793867618035,7.635289455037561,2.4943935671667394,8.212888185920017,1.7325069643718012,5.219724782783404,23.078283067240534,0.6091821726503455,100.0,1,True
Orange,1,5.880008253431454,4.713693298761783,4.884314985572054,4.282749440380184,6.050131769195103,2.765361541386427,2.77128203491233,21.52533336268574,2.721139599502009,100.0,0,True
Tabby,2,5.327984974856743,5.07389691882284,7.118022580761476,2.3186725997387363,3.925980134438276,1.7959798005180416,4.665571703697705,10.964400832949917,1.2240594254624781,100.0,1,True
Tabby,2,6.9792068080215035,7.075128442371893,6.160015340328728,4.823894445651643,6.866032900321867,2.5889297694888533,3.3855770876538527,10.203629427569945,1.329669923022664,100.0,1,True
Calico,5,6.204195090350348,5.3683556269539725,5.215569153851812,4.246961450225419,7.7031733777190965,3.068398244836513,4.359473740069048,22.19231191435584,2.303757840464355,94.94157216324069,1,True
Orange,14,8.188210108779977,8.893274235145647,10.0,1.0,8.720002364829462,1.4552110109445997,6.134579043519191,8.093741236071384,0.5,100.0,1,True
Tuxedo,1,7.526500094668826,7.716470427446179,8.441500377780061,2.017651762353021,7.284819138018804,1.1974432998596034,4.870333451958328,20.134428261624738,1.8167880920958135,100.0,0,False
Tabby,1,3.0794514058639524,4.305348342025681,2.587262753857938,8.329758377876779,4.747300593911387,4.433200926183427,3.2206828220510015,23.03984590014941,3.865103366019743,100.0,1,False
Calico,9,2.7244328655254666,3.7749154839968417,3.9776368835173526,6.9848843872332065,1.334655435894402,3.7372575786924926,4.464884271338205,19.327525612041125,2.923531321516149,65.61316367440958,0,False
Tuxedo,1,5.722748847959143,7.253426459529029,6.933919849219855,2.4552192289008192,4.07843042877645,1.254028862639886,4.006321863671253,23.5234493467824,1.282517732603456,100.0,0,False
Tuxedo,11,2.215766866316448,1.8374810388860856,2.2846691573925813,7.050979501939417,2.478323745399134,3.9472845447368243,5.48861690682061,25.057904876044667,4.6938316902599695,75.00507550444873,1,False
Calico,1,4.126821544169661,5.015782464960505,4.372962931691511,6.668010428620327,2.907286653718024,3.7743738382626533,4.308115750732432,22.36461526741839,4.324311460763448,100.0,1,False
Tabby,9,4.71057393629693,5.25337982141459,4.912917011513662,4.952098660962144,4.948547768111853,2.543483819629945,3.222710443100927,23.026765992146906,1.7049930388632784,100.0,1,True
Tabby,8,6.294626719907878,6.514344822698481,8.209443361350825,2.9610040338586385,5.721434982612845,2.3133452226748106,5.661562232357822,12.59134328566217,2.666827857117187,100.0,0,True
Tuxedo,6,0.9043805270886329,1.6403629574110878,1.7839460046490294,8.43205610594335,2.630260730624486,4.769266703152733,4.03977172457688,30.0,3.9566649222422274,53.54060194987974,0,False
Orange,2,4.5757134627709375,5.195949140713875,4.948877811296965,7.395047152453527,3.034178824897689,4.069705474214788,4.6361081308216585,22.93275593308007,1.3922363158927935,88.53761342579573,0,False
Tabby,1,5.038708331043148,4.225003557169041,4.887748387263244,5.424542883508781,5.19689645366357,3.229195327276787,4.803216126537431,19.489924062135586,2.9585542894954084,90.6832730942873,1,False
Orange,2,4.499759727265899,4.97718141070307,4.577076462144224,7.56212252122672,3.6605576873731622,4.229636823721888,4.005070861794179,16.7044143350957,2.0378852429124974,86.29734614152764,0,False
Tabby,10,5.667757642985953,6.72555636113767,6.653112293525996,5.128320285146149,6.241708126233,3.245040958264415,5.742172844090977,13.59258014352782,1.4419495994496436,100.0,1,True
Tabby,6,2.14185981642606,2.226607638925699,1.5387948247120433,7.7345522957113175,3.902357015606783,4.135417725509083,3.4890971383106093,20.434792585915613,4.65232994600819,83.9416313114214,0,False
Tuxedo,8,6.641299659952459,4.592294793969287,5.235406563451005,5.844971844446528,6.186871676222822,3.6015215408944785,5.030974538161827,24.219494725450428,3.5580681575239823,94.268660868772,0,False
Calico,14,1.5208188777743645,1.44409983336065,1.4006373271994712,7.846061926811305,3.168825920179774,4.862829917161556,3.9426053956156077,24.66147723121051,4.478352190691409,53.14983172828054,0,False
Tuxedo,13,6.54102933971271,5.79931297127369,6.209329495654181,2.193540701412462,5.3923198373262995,1.2961098363158672,5.217481812286016,20.271567152561254,1.402497844378387,100.0,0,False
Calico,11,5.276334437471337,6.400491346745618,5.457700214310368,3.050364907559663,4.6855107944392556,2.004642673520049,4.576686461934617,16.79732862934505,1.1835078784322426,91.71804381320375,1,True
Tabby,8,5.688228330138603,7.343099734860178,6.729475961082747,3.0942653408148177,5.096468668302203,2.379918195207018,3.8952056230865746,12.818088827638299,2.5663291034687443,100.0,1,True
Tuxedo,6,5.902048443436488,5.558184084284851,3.777953338492539,6.385096556371805,5.630763599297811,3.392479000464462,4.1209907802538215,21.049855795840354,3.845002628054554,100.0,0,True
Orange,3,6.780729980238791,6.666569018299117,8.82172850386761,1.6976291927955773,7.903279917111853,1.6876738020068427,3.8516813173367743,20.59955804709802,1.419993513093058,100.0,1,True
Calico,11,6.551507347313434,6.945789860614747,7.189839535067596,2.066096000287538,5.572635851221625,1.3835473062410144,5.7264959616512305,4.504134441274713,2.732327800305044,100.0,1,True
Orange,2,5.693555325421307,5.526467525508608,4.728961565350698,6.320219479939972,6.381325009259919,3.3704523304812666,5.4538109391327065,19.130713176222763,1.7004614847838797,100.0,0,True
Calico,11,3.2078848871875483,2.151738384298447,1.0,10.0,2.3735052864849853,5.0,4.382339665980852,29.084752112291223,3.041651000057082,69.81479507258656,1,False
Calico,14,6.432394948198759,4.429833039835609,4.387867319825199,3.1694010439911597,7.3245338151493495,1.9555919189346225,5.787887859039687,28.236834158418436,1.5552249003424077,92.99267953060557,1,False
Orange,11,3.7225995993362737,4.38635101560245,4.023403613088888,7.38737431761269,2.259774436826551,4.669756807087495,6.46587047788906,21.128809562742813,2.327835771175844,82.74034614757507,0,False
Tabby,13,1.0870734888198008,1.0,1.0628932224160057,8.452919091136502,2.4437043708437423,4.99635890258789,5.20200174979243,22.194711126608507,3.9996478164462816,50.2978437422458,1,False
Calico,5,5.370689822763574,6.004044646218941,5.228347877717179,4.938197104671071,5.396246203702464,2.492478118978073,3.1597927857368235,13.49142354690734,1.571354705240092,93.27000026331022,0,True
Calico,3,4.230851132696037,3.51365871769768,3.8884976578901393,5.525433565881228,5.054668982033207,2.994842874054299,7.247079641234354,17.420903612786674,2.099933628518119,97.95623333413909,0,True
Tuxedo,5,4.939288179319813,6.422032860983015,7.1428444480967626,3.3587546124230574,3.046023275820425,2.4831098349942797,5.829101784945216,13.615221650262368,0.8135594348705619,100.0,0,True
Tuxedo,10,6.0403168235570615,7.298440121382949,7.599153813712822,1.5157857222820503,6.191485542894162,1.5521210629217743,5.493425261999623,20.775109419979906,1.8051701103456195,100.0,1,True
Calico,2,3.930419142324923,4.70930334399652,6.0466324706514705,4.117525443779845,2.4865620943654805,2.2375123439642604,5.799742026260495,12.40128820887474,3.4035053165175877,76.33428839317453,1,False
Orange,13,6.059276351140742,4.880175079644253,4.560358264934893,4.818047503751952,6.9873188636202315,2.4896310480314146,3.8028896771472125,10.583788669153929,3.8946289191923342,86.98108109067063,0,True
Calico,5,5.799596284588474,6.5127222626531385,6.856087329565484,2.5821041775657316,6.923095165761788,1.4618959058707375,3.2280431309059363,12.467146989909155,1.5302486467541008,100.0,1,True
Orange,3,3.6719802334726834,2.393165861420112,2.687408532220771,5.5228571193457245,1.8376769322730495,3.578673102791754,5.643369030546179,24.87287576352593,3.889276850201533,74.04481958442,1,False
Calico,1,5.1075288313273255,4.944209628658414,5.403276814689915,4.768956870411798,3.152491594099887,3.229948819418649,3.0432129514183597,21.277487688744603,2.517422843217736,74.27705438516713,1,False
Tuxedo,7,6.416700106644251,6.673732313540264,7.225600257485532,2.1278715642510244,6.630321607594514,1.5975070956992894,5.3917955216570475,9.731313337656463,2.2425212878388097,100.0,0,True
Tabby,14,5.455591230191847,4.39218716653434,3.6368602630136904,8.04406316858106,3.8006526827438045,4.273527124757827,5.487616399302283,22.182145263523683,3.483580820985228,100.0,0,False
Tabby,6,5.222822403410788,4.847707129716777,6.092354305604539,4.03551574765818,5.271426135403472,2.619251024592681,3.8786471314803888,18.026184571312186,2.976152321824147,100.0,1,True
Calico,12,6.643565662773988,5.549703078349593,3.907439101188833,6.606249004399036,5.830669585727978,3.9676843837816125,4.771124158752535,22.504653986771327,1.4021743748140065,100.0,1,False
Tabby,9,6.860745839500409,6.605294715898373,7.11121173548783,3.05450399927519,6.353551925302123,2.341173596586553,5.910188296080802,7.076313130626968,0.951685360766077,100.0,1,False
Tabby,1,7.946865007337486,9.26567031865321,9.620160091114839,1.0,7.432784311922412,1.1084531841936114,4.692763457779709,8.500015739032948,0.5,100.0,1,True
Calico,4,6.164492936457086,5.881272529589514,7.6363589715872395,2.0616317847471803,5.821321147205502,1.6112566504895316,3.2907294284975457,11.17735019954581,2.1978710115331563,100.0,0,True
Tabby,5,0.9959613783209358,1.2426221358355738,1.6026263872511635,9.360094076766655,0.0,5.0,3.9268500685093124,28.4822081824008,4.720245498909093,72.51038445510703,0,False
Calico,11,-0.3320194636344551,1.0,1.0,7.703544913932759,0.0,4.349496035603626,5.679421215604688,29.22263444181076,4.491399387942891,59.179148855293455,0,False
Tabby,7,6.689213126421964,3.3204167849615804,4.566044357863496,6.174160725680519,7.893270418722642,3.9416741019825867,4.889896007583885,19.59790090561124,4.173970371338536,78.7510953815979,0,False
Orange,2,7.644809757716482,7.6392433404818885,7.0082177021791585,1.5739630568154142,7.391510110819308,1.7129345014480948,4.008149444020732,12.450911442913583,1.9528867091827502,100.0,1,True
Tabby,6,5.259062329218075,4.900226759695888,5.468969315857649,4.445676461841696,6.761534701485779,2.804056192244934,3.5387900265901058,18.585888617575648,2.3363785753648565,90.05469516593978,0,True
Tuxedo,5,3.888667475613783,4.699523478737572,4.6610568674927,5.751582199282565,5.510257088806002,3.2946896085783677,6.359394757466678,15.589658469487393,3.882103315720469,86.14150749866215,0,False
Calico,1,6.084710208383488,7.59895250277888,7.973099324835651,2.1285353059864898,7.212777515711405,1.8957557612154792,6.403042171432287,9.635355459337632,0.5,100.0,0,True
Tuxedo,2,4.661710783514021,3.7908405665615015,4.825285938732592,4.303870047085813,4.936442796740004,2.4947731795173107,4.655658214053566,26.81366210255774,1.9866773774145057,100.0,0,True
Calico,5,7.264719762710927,6.797031048136698,7.373033879421945,1.1928905535432799,5.380499007544381,1.495703020414818,6.730241869295957,15.405762347846753,1.0749920443009846,100.0,0,True
Tabby,13,4.5622306037780085,4.109324858961001,4.621275239686465,3.8455549135157416,3.075442358942835,2.4160641117373745,6.03925782915861,19.752890008875603,3.1419401982133257,80.190808926878,0,False
Calico,9,4.344069227445279,3.706509647951279,3.328122652432096,5.993827189644741,6.264807982963977,3.9332846066702785,4.641148229849932,25.50819974430708,4.059738887371252,83.10647505916089,0,False
Tabby,7,6.09351769233064,6.089230895503812,7.666560211864393,2.2235371730422617,5.687547632456473,1.908077768416196,5.077541092030481,17.665440096898113,2.354772348557328,100.0,0,True
Orange,3,6.208954985806017,8.698027246465902,7.912853046599087,1.0,5.631656528390066,1.1768608040890072,3.0746384421343205,19.141709991879292,0.5,100.0,1,True
Calico,4,4.441020942231328,5.699792334781877,6.167067343920087,4.358064936631958,2.4528264600727314,2.52837835923811,4.06444020798321,10.937353695886353,3.614762251066754,100.0,0,True
Calico,1,5.268631444061079,7.600506257613793,9.602653778490378,1.0,6.231749132481753,0.7664034124321798,3.678012002527402,7.228777581025237,0.5,100.0,0,True
Tabby,11,4.006874907695803,4.758736596611065,5.948266799805998,3.0339645800149713,4.320050731426226,1.517050273523223,6.479695052196883,22.10766964889886,4.300548393851179,79.50103620343535,0,False
Calico,5,6.347206566468696,5.291304772687971,5.093458206313936,5.327570253970687,4.492255549863356,3.0438565934346626,3.9452605746754754,12.972109731689109,2.0424705250485067,100.0,1,True
Tabby,10,5.843334704649173,7.055483095771052,7.217440888577476,3.5215505201557145,6.250291216877479,2.3728558496417422,6.015236410475149,18.436749279545516,1.0963384558983575,100.0,1,False
Tabby,13,3.043295167339659,2.680055313037188,2.2348252750487037,7.79003249197569,3.845256157407915,4.292618073585546,4.9257310959822895,28.252000458101154,2.7522487315556514,71.19400852390925,1,False
Calico,6,4.377141736167393,3.462784214849686,4.97605053770403,6.795713186292579,6.1345767281463175,4.310322592659222,4.63020993725105,30.0,2.4181403762620546,95.65041600472034,1,True
Tuxedo,4,5.0484818034185395,5.4200956202273955,5.354511924818914,4.830980466814285,4.853690605094925,3.2813976540456875,4.641170617121246,22.944932811133686,0.9562256074971878,100.0,0,True
Tabby,2,4.547545093094476,2.9116226504189333,2.973812522290485,5.001085092227033,3.2359873090071085,2.7535515344947368,4.7922953162819635,28.999990901725734,3.274651447885528,100.0,1,False
Tabby,12,6.043079088987424,7.286934260490517,8.391215249378616,1.0,4.079282381035115,1.2712254972388641,4.180690725406716,11.928852689043463,1.326985663285043,100.0,0,True
Tuxedo,6,2.904849857241586,2.663362629493674,2.523574766267888,8.835361166955757,4.768641353961517,5.0,6.500468865393333,29.884549106179183,3.935470668137969,73.12364956038873,0,False
Tabby,3,4.6215767097349785,3.203738596936209,3.621834774350398,6.219549471313444,5.522088531777036,3.1811360127683486,5.508848614466464,21.00566036092247,3.801367078505364,84.94420500316262,1,False
Tuxedo,5,6.041772177289899,7.580752053166597,6.291354302939768,3.753014814077856,6.9902481236339025,2.1134593211173116,4.186513227339271,12.612869399132988,0.5,100.0,0,False
Tabby,1,5.946029887926779,7.857796385823102,7.932209275730409,1.5763673775614315,5.612385120502179,0.9692754635811838,3.0208418994404354,17.283116375979763,0.5,100.0,1,True
Tuxedo,13,4.960567625836167,3.4894002525624885,2.977349954918255,5.442377297386226,6.275386709061442,2.900926464912489,5.437767409066147,28.175861393360645,3.6777005799104625,83.79129796129072,1,False
Orange,11,11.012586759644597,10.0,10.0,1.0,10.0,0.5500645660320144,5.690266775469404,8.45529003184178,0.5,100.0,1,True
Orange,5,4.941189247076091,5.569878597366172,6.624371362843641,2.6569833177727515,5.531050036596008,1.7710163852204568,6.017554423288924,26.298483694198676,1.6476454475730566,100.0,0,False
Calico,7,3.755251039538274,2.670920921552359,1.7402864449260462,6.982029371022306,2.5265569099628316,4.267103273938737,4.51408814988171,22.07916047626422,3.0457679031250033,77.47585356065933,0,False
Tuxedo,1,3.7255465854571588,3.3961395435624864,4.459338786141723,5.4805555733275915,3.2994594068997736,2.8869302772917003,5.123896639732742,20.99019401505622,2.795432654347544,95.72640493016071,0,True
Calico,10,3.9308200703746303,2.3720823484635325,2.1723750807042386,7.855810554454312,5.246004811718523,3.9420038064860075,4.340001261553755,28.8610616273751,2.1140904435255825,76.05738084645542,0,False
Tuxedo,4,4.688868644356604,3.8680486195121233,1.420389619975103,7.668546565540678,5.931007235835594,4.651395854650007,4.694322722134438,27.777018667367642,3.838560198400835,74.04773837085195,0,False
Tuxedo,6,4.777785804047597,4.443844009912228,4.780481623717426,5.138690933612043,4.460511422528513,3.338675237780597,4.434915267353481,19.687158402566094,1.674860256494014,89.16771703986863,0,False
Tuxedo,12,5.509000283589836,5.58229872576195,5.822787221488402,4.882866701357473,7.001495092082822,3.0401057256812534,5.1461684358528315,14.934368112310416,1.6456391880114616,99.5910894609623,1,True
Calico,9,3.342527227015486,3.003102630047221,2.947592085791642,7.655785717731229,3.140693102507231,3.980924256415344,5.191274140345678,30.0,4.615745560926167,89.30455190170353,1,False
Calico,3,8.170882689976821,8.095141232951411,7.431365204169076,2.4238630862395842,6.332934608454893,1.2392295441496977,3.476083073782007,20.771666727657518,0.6370874747874287,100.0,1,False
Calico,7,5.820896759454513,4.386885862679321,4.051447305742573,7.568111176396076,4.905978194031759,3.9866273734267916,6.050124799926042,28.31437324895672,2.627649952581019,100.0,1,False
Tabby,8,3.0019992091818013,3.236045094918355,2.8334504022352345,7.413238859712286,2.097140487375176,4.6758196972163555,4.583913541938671,23.131869260419393,2.9461545407843857,76.79786248875718,1,False
Orange,4,4.67721835043364,5.417012689775862,6.045494387945214,1.4883931195283795,6.427726244943457,1.1253753008705951,3.7728734410799474,25.08303009354612,1.4133817107422462,100.0,0,False
Orange,8,6.627148883605184,9.409764044013045,8.267169359573046,1.497782078695229,5.2004813876961595,1.4830520078075542,4.361051584345935,18.841211571062843,0.5,100.0,0,True
Tabby,3,3.6952695801112814,4.453067459691451,4.255231892025064,3.965843572867076,2.9363843771880287,2.374292573490269,5.390867290951327,19.80339164583422,3.22378047270048,87.2259729482073,1,False
Orange,9,3.5149551130808465,4.042790179118471,3.762946853824606,5.474927960327683,4.065860239654495,3.025922752081663,6.132036342497651,15.54843557532881,1.5425363854392118,91.17444123657675,0,True
Orange,7,6.3676842510729115,6.705033742521733,6.916277659813863,2.6580605183022836,7.135872367948083,1.820381083784382,3.980213008194131,20.30137025090317,2.3452056262260434,100.0,1,False
Tuxedo,7,5.294888124557232,5.108346675857361,5.653751433389053,5.885756565378744,5.173231192423871,3.0365595777252996,3.6515389473281283,17.828462218663923,2.4350154708045593,100.0,0,True
Calico,8,6.150965564013779,6.954616115835593,6.612858090502012,2.942305147760144,7.933214312277452,1.9613071911355835,3.7611224325431554,13.556738256248735,1.4355045146284324,100.0,0,True
Calico,3,0.8842378355690643,2.5810244173593624,3.190443595632825,6.736589686764111,2.397466593085269,4.325009286741157,5.019088331084568,30.0,5.0,73.57426199304504,0,False
Orange,12,3.886778477433099,3.0178348701075395,2.3820532902845306,9.872120866581655,5.163481765387173,5.0,3.4216648096641062,24.44583874045297,4.085676403340902,72.19532129011222,1,False
Tuxedo,7,5.8623578682648185,5.768654146011593,6.617830520839239,2.8971067904833454,7.08031011149612,1.979583123187198,5.444195772924712,21.40266524217402,1.5823194365791289,100.0,1,False
Calico,6,5.883483165535568,6.758250160416339,7.960192341543012,2.045654850579351,4.352715795231426,1.1420986547248346,3.4442775183644683,11.544604584287752,3.1750513836385617,100.0,0,False
Tabby,3,2.327491506919541,3.9598235233131898,4.19782745897428,5.5247487899202445,2.2242726819167973,3.2758693727477493,3.453307001605029,24.42336864210035,2.625032492806916,90.13871239441447,1,False
Tuxedo,13,4.532217091177551,3.2720038061888657,3.4195224990527127,7.069649746452217,4.142748417063162,3.889601804213316,5.124134688987028,23.33769741282377,2.311720141584793,73.13505620477011,1,False
Calico,6,4.123870809710406,4.260735480432387,3.3852021003594808,6.130462842566118,5.319125362722421,3.9884999204972824,3.893385631935925,30.0,3.1564185805979355,86.54746120412482,1,False
Orange,1,3.4932860330702233,2.01294720692591,3.4245564569299978,6.551029861027029,2.245608917814469,3.8974269440062397,4.289783713160307,27.275988690003942,3.5481381860757097,53.769580555024504,1,False
Orange,10,6.905747215271117,6.927035255016896,7.555599933349618,1.5581847311682846,5.1364128650990395,1.3265274640673592,4.116539213376852,13.022922289347038,0.60460581245699,100.0,1,True
Calico,3,7.81985390660672,7.583495030816418,9.24991637083055,1.0,9.007152262216286,0.6914906537777141,4.933577289914216,17.393749395312675,0.5427803765311013,100.0,1,True
Tuxedo,4,6.537078954701505,4.406843291974582,4.929312727616288,5.897816185737959,4.920453167992548,3.0564167566881064,4.581782101119756,16.950658148577638,4.214630526937982,94.12679436890637,0,False
Tuxedo,10,3.919629734984732,4.703222333450518,4.50612549567114,5.775751047113707,4.592322648601181,2.9260470877712548,3.43945635719306,21.737672709477778,4.608999271244387,79.24905208632457,0,False
Tuxedo,8,8.996467397974937,7.142634978661048,6.562631322670509,4.1045416613854435,7.842265431961296,2.3065837516197476,4.639861985151162,16.892710502099195,3.251051024285432,100.0,0,False
Calico,7,7.877457581280085,8.652251879103853,8.639399760427457,1.0,5.893295736317123,1.3547197212081863,5.106845981163685,14.473609200434687,2.2029164134162835,100.0,0,True
Tuxedo,11,4.630318771912827,5.281450614735297,5.2436364649961575,3.8055410919459076,2.9626840562930923,2.3451401620897214,4.920037889903512,25.729755937337384,3.1336647273426372,100.0,0,False
Calico,8,3.332475917541628,2.340311544065779,1.2075361700826197,9.494327334062984,3.42590184166272,5.0,5.533286040820651,25.87118214060855,3.7820397771582273,90.17564466329243,0,True
Tabby,14,4.126235026699354,4.299204124924839,6.481587975380515,4.10185614031005,3.9557730975797245,2.58206585924398,4.323566904034115,21.33835915515121,5.0,100.0,0,False
Orange,2,3.6535106713651997,3.9975942106523057,2.6594339840612085,7.788806311291921,2.186650841928396,4.28120094765791,4.0667395813373926,28.391000850175846,3.512564162556637,100.0,0,True
Tuxedo,12,2.2190229698777264,1.0,1.0,8.451091772172028,1.9851933678050129,4.943222105553257,4.372365375310609,23.348783315249847,5.0,64.31669877036919,0,False
Orange,4,3.686658457359803,3.687245006016072,4.758363150642886,2.789330065535697,2.2789804655873707,1.7867962407469604,5.126322788232566,16.073451568292707,4.071632839462442,83.64428103304428,0,True
Calico,2,6.224757443280124,6.733020281115754,7.582008743455754,1.0,7.623028197006775,1.3129000397379806,3.254521073342107,19.908264288516342,2.705098104282127,100.0,0,False
Calico,11,5.214814101403071,4.175499825103085,4.023073024907528,4.82828553837521,6.991214655393357,2.5534488777687536,5.534620807433661,22.32648336864767,3.4968561156021143,94.82415271211272,1,False
Tabby,12,4.316095108163869,5.314558903893087,5.824405318240966,2.957040710337246,3.5129709839787866,1.57622009588933,5.718981966548723,11.480546539783921,2.5719784379894826,85.89680280431683,0,True
Calico,4,2.068630695791611,2.247840389655727,3.5374324441313094,7.324201704434476,2.1100262008767023,4.113307613684714,4.764730554985842,21.72456646761466,3.2424510838875324,68.37413100450172,1,False
Tabby,8,6.515594044938253,7.531645139776904,7.8740817965660375,1.1442417343995208,7.8401230010380925,0.7927918139125144,4.126536397997016,8.296407572508961,1.6354369964105753,100.0,0,True
Tabby,3,5.965416688518052,7.767787852631377,7.2458028691568845,1.0,6.847032479218064,0.8259225867591963,5.621842317243185,11.980322441666075,1.2578792739753115,100.0,0,True
Tabby,6,5.277124478730079,4.915603616815615,5.9066446023135475,3.3996568068182507,4.41105449036367,2.2847177631538482,5.013870780902855,18.798042287590214,2.2182791762552987,100.0,1,True
Orange,6,6.136113098629178,5.219586348164881,5.633408227975385,2.8320799498707516,6.404446903237444,1.715666759585265,2.7146392937064623,20.20760761727844,2.6990687178287542,97.42901000057024,1,True
Orange,9,5.422968611857251,5.424208486362355,3.811661432867078,7.372514881425113,6.1010226931105915,3.921390157157854,4.818793496781877,17.46435204453618,1.049820921180454,100.0,0,False
Calico,8,4.197254853684468,2.9383609004001547,1.0,10.0,3.057395636451921,5.0,3.9584245621495344,27.085917985470836,3.890905774902515,66.8035468263112,1,False
Tabby,3,7.2224887745267266,6.798971472186356,6.797844693394415,4.2076880786292215,7.2649252203715955,2.612656368099619,2.5,12.969168505358073,2.258346126053596,100.0,0,True
Calico,6,4.1320448447713805,3.893751256640242,4.989506404369346,5.836959677477944,3.449231399207095,3.1593865507741987,4.473496530495282,23.266892694227604,4.350572880349498,100.0,0,True
Orange,7,8.029883351820867,8.517187040625858,9.347170932470936,1.3087697196076262,9.726263488348895,1.2174526993397863,4.225135297907578,13.60691880548223,0.8580408235457292,100.0,1,True
Tuxedo,2,6.361579838830329,6.71183231994564,6.070663092589403,4.759856345568716,5.394642290610184,3.2609819932779756,4.154957357977612,26.313036470488306,2.2176247403730764,100.0,1,False
Tuxedo,8,4.0006195158782925,2.5170974666596546,2.133228955042463,9.122530699963974,2.3362952114543125,5.0,5.254740839315861,21.336265311167907,5.0,73.79588471010837,0,False
Calico,13,5.091700864281795,5.422181969701575,5.598197448067654,2.6239898693522425,4.47526375161128,1.5977683213374825,6.738728002439933,15.239164718749414,2.3368395615507116,100.0,0,True
Calico,12,6.359521403588682,4.906982420406725,4.467200727419666,5.99059942604242,5.073130792564878,3.742421064366269,4.668802391014754,25.602212796825437,1.7500021427126686,83.43702718709633,0,False
Tabby,13,2.4906892626283965,4.337698548615363,5.136453849379058,5.574059391086645,3.407752283273511,3.4749731600233456,5.061061171172049,22.59214962403826,4.021362807212964,100.0,1,False
Orange,6,7.55326048877825,7.257894307305142,7.762766043359527,2.380835974616142,9.408346904500736,1.220192153822897,3.902755415748344,17.044477081498137,3.4434126927898694,100.0,0,False
Tabby,5,5.702908714956748,4.66430710712073,5.65557080713666,5.066060198085309,5.499977469897186,3.0061567226302817,3.1484891810241304,12.31653553023586,3.494567472446212,92.84183620433903,1,True
Calico,14,2.48923491034634,2.13747365036122,2.1341586537589627,7.659208666377792,2.931546215385287,4.652728437974455,6.08267528048161,30.0,5.0,53.48615639283403,1,False
Orange,5,8.69298536378578,9.088604515105468,8.882173849474766,2.1272850309040234,8.534293652505065,1.8656998634150657,5.466891429470463,6.847524354435905,1.858202241585777,100.0,1,True
Calico,10,4.269574014125271,4.064754200945416,2.236881332484211,6.499195976036886,4.96672783251603,3.9823388579755608,4.931466551677772,25.153741782195425,3.0137204161739506,89.88576668655226,0,False
Tabby,9,6.6167758863245725,7.087448734425557,6.85598162578318,2.7529770685838484,4.859204111085733,2.1775752020128194,4.490604336778878,25.058937564079123,0.5,100.0,1,False
Tabby,9,3.6195453046227266,5.077340427863319,4.83337642119813,5.014602216137087,2.6982534017357636,2.6550285184946163,4.297729862208932,12.98486958018772,2.647700574424225,100.0,1,True
Calico,14,6.69572522760538,6.617674530312713,5.5358163039462465,5.479844204488937,7.462855588412804,3.138566204136003,5.313559964440561,23.06701078676168,1.2351992609071858,100.0,1,False
Tabby,14,5.852016055644155,6.052385331385505,4.787658401351783,5.061178236016684,4.837744724241379,2.583613575601867,4.077396817779263,22.12603148621029,2.3478125370104377,100.0,1,False
Calico,2,4.27971987059342,3.526123484969637,2.5413052881599736,6.314915787904617,3.516265771481914,3.3444497727591256,3.808790859531356,24.414940627084622,3.7820874416721555,82.8229647934446,0,False
Calico,3,5.788399377637724,6.476314561322379,5.262591822002797,4.052944141850972,6.9357498315287,2.099947045618194,5.123294269101429,26.164723187595577,0.5,98.23192848931672,1,True
Calico,14,7.118555743728042,7.505836800886842,7.194337928375599,2.459421740678917,6.9059087685277385,1.8380365899355289,7.84329898644641,2.641899419895884,1.6457674351396652,100.0,1,True
Orange,8,9.868440992306297,9.943437066509338,8.696681779676153,1.0,9.645833405466107,0.9679605813928608,3.5488037424302905,16.583222958257878,0.5,100.0,0,True
Calico,7,5.2927468924292445,5.358069707304561,4.842645593051767,4.8519503032212725,3.8578984200771127,2.978453909922072,4.316603404106853,19.51593728786119,3.259236704979334,100.0,0,False
Orange,7,3.6662278490970133,3.559887652924176,4.477326729055633,6.903709192213744,5.6153592432405794,3.494831430256059,4.514980303566464,12.82103590846886,4.027572956249702,93.2652647889371,1,True
Calico,1,4.189198874305993,3.2778829892604495,2.901492178912152,6.37593093119401,4.360162890141348,4.159172135674973,5.381894320901003,30.0,2.4670699006631094,76.9667782930699,1,False
Tabby,7,3.8177329540414537,4.136940059859822,4.905595998950165,5.622850340519926,4.7791628856001935,3.8056429936584673,4.817335883417059,17.47229241008689,3.499780185907298,88.48888316607449,0,True
Tabby,14,7.057340436872886,7.712492690557346,6.63426220605767,3.699255640289068,5.079937091571102,2.3800044765226778,5.235428577929088,8.963366097464085,1.4955443797974288,100.0,1,True
Tuxedo,11,6.01101517571175,6.957784182497389,6.409755562855244,5.380233215792977,7.614578061644694,3.0797423652783706,3.822038541624996,20.631439156289037,1.3331868271068288,100.0,1,True
Orange,9,3.1292687158386197,3.2749514701504325,3.5015564995507513,6.20825268569878,1.799537682460175,3.6970937454793322,5.157494643760278,24.26902636552436,2.790560234907348,91.18135731888319,1,False
Tuxedo,1,5.367796693125313,5.920267768639364,7.831977502033158,1.0,4.474108853736585,1.4811940923877032,3.289658577594846,28.2913950001683,3.7602152264563644,100.0,0,True
Tabby,3,6.087730281056656,5.730724446111003,5.7868096718126045,5.077345875992085,8.087354266276378,3.2733065695938586,4.696661472417206,15.518244073319824,1.7029540489670805,100.0,1,True
Calico,14,7.876409727894856,7.110286840105812,7.7750515827274524,1.1260160047689949,6.4200644970754865,1.3702733578873998,5.689795222377974,19.14425153711739,0.9621886728534759,100.0,1,True
Orange,6,3.6947724022346478,3.054609751282969,2.540182519124078,9.076748251564439,3.2882320263910194,5.0,4.081379640549272,28.615848899733766,3.4906967939690206,81.20827436529102,1,False
Calico,7,5.020178629487112,6.096524777977315,7.540774523827528,3.190265712394866,5.4419877590273655,2.4967747849803272,3.459970468177106,14.246432658398085,0.5,100.0,0,True
Tabby,11,9.965181071530335,10.0,10.0,1.0,8.301225002784712,1.45604847233,7.740587674747046,12.920293444589394,0.5,100.0,0,False
Tabby,2,5.55027421880005,5.420505152674821,3.4699523625481574,5.206891562944735,7.510983808845336,3.0670729619564705,5.015611095586841,12.029140960706595,0.7761733217760929,99.67403438794655,1,True
Calico,8,6.567741725225016,7.348856264419518,8.04315511089973,2.375844590655071,6.282260986579417,2.0722892802510797,5.923960563356022,13.687589356418133,0.5,100.0,1,False
Tabby,13,5.618166096186885,5.430910517158258,7.676929572360647,1.890998659039512,4.090114704943517,1.5010108078567477,5.6411316417713415,10.232670753505932,1.3790421115594225,100.0,0,True
Tabby,4,6.286801687115719,5.023204918967194,5.286464248038348,4.921296108879239,5.319412946435792,2.7545120097826326,5.349023200846869,22.580765867460386,4.806853069200104,100.0,0,True
Calico,13,0.3522579123522922,1.2010462608723778,2.228430794533092,8.613937583096186,0.0,4.799168556449159,5.431119054305502,30.0,4.526388859626742,58.59522112183287,0,False
Calico,11,4.4925760153223635,3.174434681157395,3.233666244074899,6.313607110013437,6.0407799611850255,3.719489002323384,5.933226307766933,20.61109342229923,3.9270426022762663,80.2482291349814,0,False
Orange,6,7.620918829918266,5.745593993637007,5.007543971995429,4.525283945077717,8.020949557874774,3.088585911834455,3.926554564501377,16.642018291527652,0.8496951722792223,97.69538367683485,0,False
Calico,5,7.556171240587508,9.565832516133542,8.481008387183735,1.0,6.194421865451708,1.0922829808888976,4.357781024913792,10.402677635508537,0.5,100.0,0,True
Calico,9,7.6978608603274,7.320465169038524,6.551196546987693,3.872123920679642,6.335126666339294,2.8080020857898065,4.992194442192133,14.913308408676857,1.7785554722605932,100.0,0,True
Orange,1,7.108227820835107,6.247412934812792,7.6232143732172695,2.0437779019541567,6.390834698098337,1.5090112902699002,3.6073396227192136,17.28127859739163,1.407262001620285,100.0,1,True
Orange,2,4.418386748953566,4.861036769797027,5.241909081223828,3.807826743963695,5.927555019938676,2.1348838959274667,4.601305847344329,16.912566568006376,2.3799241563586775,100.0,1,False
Calico,13,4.896095229087983,3.622878277868254,3.364077230344204,5.980803309127751,5.7780377683918775,3.4148801539587854,5.986817441756389,29.396174096078635,1.3296034019094811,86.14425940781275,0,False
Calico,7,8.227632501303335,7.1735415219065555,6.4502794905179925,5.070520942168638,8.68613553720521,3.0092159301873087,4.974883028925433,14.042136214368737,1.590244303686618,100.0,1,True
Tuxedo,9,5.8595642766986,6.986577882003883,7.348529208618828,3.1669336568305866,5.963423389419866,2.1685846332497274,4.800971358786969,19.54643668930214,1.562136242042811,100.0,1,False
Tabby,13,5.91399843769012,6.74563350250235,6.339262536245562,4.398863060620418,5.638588937967214,2.4315010633938936,4.8013681496514,17.58863946514154,0.9921256787811904,100.0,0,True
Tabby,9,1.0682998966245254,1.3129480451707327,1.0,8.209676371941534,2.117383215052954,4.600288972131117,6.266462939363454,30.0,5.0,73.04203374051608,0,False
Tabby,7,4.728128576271216,3.6661487572254634,2.0275633230950234,8.778707759503869,4.332033130638553,4.801170858952764,2.7478048871243814,15.287356889786833,2.619243897855893,77.33608942128639,1,False
Tabby,8,9.31800212115992,8.760946914857525,8.25473979223423,1.0,10.0,0.8780477233324696,5.110949820173037,15.068794152658956,0.5,100.0,0,False
Tuxedo,7,2.4914732779486926,2.5542552380756884,2.901767659793435,7.558707205731973,4.427232597689993,4.589197106425154,5.653475139726727,26.409385848639165,2.58991372889996,70.94415311571353,0,False
Calico,7,3.3548474283357708,4.389449989890522,4.277153618458315,4.740110095226591,3.7664468609258113,2.8740206324838007,3.6038525715919274,12.793149775835083,3.462378738348775,89.51638436667496,1,True
Tabby,9,9.33899159314895,9.836201697501277,8.585504865139065,3.692851305141834,9.967633565782036,1.8489275108544199,4.587537892101482,8.745524764759814,0.5,100.0,1,True
Tuxedo,2,3.9794602643124315,4.126844364590237,4.452295465655902,6.96173962109934,5.749944548158583,3.571479032642655,5.461820481061404,14.797169178913931,2.886647901863451,77.74267753397706,1,False
Calico,2,4.793666859512633,6.317160737607196,8.002605221676264,2.183584614240235,3.218679128912417,1.4307884120997731,4.551785355164948,12.99104265985892,1.187020129244421,99.7087576962339,0,True
Orange,9,6.262542906556626,4.816849565734408,5.6067124285157,3.953445815483459,5.145922595202517,2.837166989586912,3.9952214304625366,12.039798635818975,2.7802468660071047,100.0,0,False
Orange,2,2.750532764139397,3.832737511887683,5.354504895137234,3.222754117184148,4.54716467275696,2.0619108295923336,3.7383081279979877,16.315506698232547,4.095648693506232,89.23562421800445,1,False
Orange,5,9.587418521848186,8.944631618257926,8.6046799601067,1.0,10.0,0.780972514143023,4.388342484150102,9.734319743093659,1.897916226782595,100.0,1,False
Tabby,4,3.0111393323998743,3.7545890922784793,3.2157189638316757,8.88480227459791,1.0552006222102914,4.559671648257197,4.6275494268369615,23.62587293788913,2.9975522478936627,80.79469644917808,1,False
Calico,13,7.203619558504459,6.5877865769316895,7.456570726942809,2.3936302363732676,6.573124851925274,1.206738933946078,6.188230080840711,11.125633484925627,0.6349237057141226,100.0,1,True
Tabby,8,5.102808761377815,4.343218938653599,3.204133697830115,8.25790080155074,3.8196982647520974,4.694165602575991,5.383031765974533,21.32254417434482,2.2225680091445508,91.66686669843779,1,True
Tabby,10,3.2095091629851105,4.190104540251067,6.90547309511478,2.4458392936173836,2.637811988267178,1.9133163831332973,3.7785199126116895,7.084273498764185,2.2855562378068885,100.0,0,True
Orange,6,2.5039278395041227,1.6051621374078073,3.4211591262992838,6.690710618740039,1.9455198232663662,3.543454356387813,4.490587713809261,30.0,5.0,80.13539959026852,0,False
Tuxedo,8,3.834811661918647,2.6052817582398005,2.4096349566616766,9.311090851406444,4.914018857734254,5.0,3.6546663050823924,23.342656952011016,1.0991772484387323,83.19319646786917,0,False
Calico,2,4.146669682833581,3.364474120864162,5.935116789638466,3.158905979820669,3.5026701712365074,1.9078708790644403,4.558016891207241,19.695378434310236,2.1100845572824705,78.81723849956623,1,True
Tabby,12,7.8588169289147505,7.590159867853803,8.036454728549145,1.0,6.540448877317267,1.2253050176894396,4.882709905171455,19.399399210728255,1.429613414165958,100.0,1,False
Tuxedo,9,4.227000006036148,3.1367792971229758,1.0,9.012111201831015,4.0417368763216,5.0,5.131845982891394,30.0,2.7162170842926856,65.59549204947643,0,False
Tabby,11,4.832735580462905,4.4462680100845455,4.773046632212364,5.733306156345567,6.773753860092814,3.847040324152554,5.623347109644985,23.599288754465135,2.7668866751649177,75.38952041825735,0,False
Tuxedo,6,4.6643045369315,4.325397328698333,5.689912621752613,3.9873475167859227,6.049783754453086,2.1797043724775786,3.129841844801802,12.347256929922473,3.300294744727853,95.67379784740014,1,True
Tuxedo,6,7.160520405500349,6.728381710069358,6.630052013671888,2.8849008387297017,8.895503371169461,1.8442987491333223,3.3974635965491014,25.590681551595686,1.4906132395712621,98.95608808204001,0,True
Orange,4,6.899879047992016,6.026640478698161,5.5823767931621555,5.542225257465757,5.559475247223566,3.6423476933378147,4.831218913739386,15.473886389993556,1.883529161107057,100.0,1,False
Calico,6,1.1681380490045061,2.7237588201288525,1.5754372664986496,9.289214637501427,0.4643786159651948,5.0,3.9701839869707003,28.99638515889723,3.2183300224404765,78.03066900265664,1,False
Calico,4,7.064485913217961,6.513248257652492,5.4691633070177055,4.895857177749791,8.932398752643156,3.1099557671110225,5.045062425271503,14.819006016389672,0.9233282240760402,100.0,1,True
Calico,10,7.161025535039098,6.71205711647523,7.3282121250677745,2.7287894802661343,7.263325533674209,2.236129124809595,3.361768779442844,18.740397310053527,1.3264410046076103,100.0,0,True
Tabby,8,5.778493423373287,6.495310547824679,6.206025544904807,3.335446248743016,4.4884772164299624,2.651339444110139,4.939696673400941,13.827475462958525,4.271971094669394,100.0,1,False
Orange,12,7.018989987769723,8.00368510879636,9.40042413098331,1.0,5.477169391295095,0.8026840692422351,4.997364159853796,10.808516468449572,0.8634152700750971,100.0,0,True
Tabby,9,7.819591179263172,10.0,9.572295612847826,1.0,9.38478000956686,1.3097572994464695,7.184997284760383,6.999170688606178,0.5,100.0,1,True
Calico,4,4.909083790577038,6.2109879345283,6.202188991625828,3.650572949428337,5.536255868393984,2.0584980780799826,4.019642657839839,12.414566374029302,2.3872028409663777,100.0,0,True
Tabby,8,7.940557013333862,8.79383778556577,7.396905209370536,1.7894174474107474,9.471681004751217,1.264460380801665,5.765779151500679,21.9812217510812,0.5,100.0,0,True
Tabby,5,4.582342466519776,6.589443791991934,5.973966475013345,3.697810513812508,5.203459610139914,2.0801682870149003,6.326488071783725,10.690553123706643,2.067025130199065,100.0,0,False
Tabby,9,7.502868084946792,6.712698558775194,6.921620972026238,3.043111315878031,7.826806757465033,2.1305857509458255,5.146681259471218,12.845157012656518,2.5024646583846706,100.0,1,False
Tuxedo,13,5.84121750391792,7.277128935439985,7.753472254792938,1.9455497097776342,4.841639213478247,1.2305840354231075,5.29205026174823,22.804347389848445,0.5,100.0,0,False
Calico,9,5.937710834110606,4.716681928358259,5.1853019468391315,4.902945542610485,5.545343586075248,2.786553421697627,5.145132237157085,24.982356414409015,1.485881024966495,85.45935687911017,0,True
Tuxedo,2,8.964356199286813,8.540122023329396,8.055520527861372,1.0,10.0,1.2619969482384252,3.224265147759145,15.543938171902308,2.6488445453569183,100.0,0,True
Tabby,13,6.4023331551221245,6.96343126773847,7.736524285365944,2.8268820747116097,5.421581202478251,2.2322353752505713,5.893458268384685,19.24197723932385,0.819344329474416,100.0,1,False
Calico,1,7.307982339232309,6.748858144121248,7.288991028707133,5.788905814495855,9.167360376606208,3.428297569478111,2.5445295811377395,20.357224196119667,2.818175785717325,100.0,0,False
Tabby,13,5.031955723138938,3.9281659479818147,4.061903998412453,3.5861065625380015,5.130655778045458,1.9281882377376813,5.4511369530461105,11.93805826886452,1.033268942601779,82.19164089466979,1,False
Tabby,14,4.330548147637715,3.7031777827554997,4.29417334814434,6.154014997395179,2.367951191590498,3.8478380351182224,4.8771804691545455,25.3371198117673,3.4582165806152694,83.12532853890629,1,False
Tabby,10,7.451012541160386,8.033062376196021,9.526869085125965,1.0,8.340829174047554,1.4116018498197174,7.066436250651211,12.704656780011746,0.5,100.0,1,True
Calico,14,3.733001114536712,3.404101461628025,3.7196499725415153,7.141995551392408,5.340413881964489,4.391868796570305,5.6635198855468545,29.25894607892981,2.192636850021467,84.8388625607631,1,False
Orange,8,3.707392818412033,3.9430599243239293,3.576464867913384,5.775246576020898,3.8313956246170697,3.2669312962841492,4.581000101704821,19.850413336456107,3.0964146694524946,88.09636224732324,0,False
Orange,9,1.714159944053904,2.342514798936287,3.2692957589249656,8.213174766660416,0.48924647016178957,4.249401844574313,4.43871873873581,23.834685452703027,5.0,76.4214705640648,0,False
Tabby,6,7.204382147886017,6.393257912820558,6.48957668856734,3.5803077581163287,8.53579343409813,2.420694430031645,5.117830933010518,20.14898907050304,2.798872393388348,100.0,1,True
Tabby,4,4.147326398010135,3.3464776870293798,1.9767719384927784,9.241403617788356,6.139569802092313,5.0,2.7294917203097357,30.0,3.2902146600579747,77.34082846635465,0,False
Tabby,2,1.944040873185882,1.0,1.0,9.810502008164018,2.6894094627094782,5.0,3.569295886386096,30.0,4.415977514582121,50.0,1,False
Orange,10,5.5541651118964825,5.4073786261579535,5.523860229918282,3.1555702116883038,7.526699943030897,1.9320654966608117,4.410778292415768,21.194029009439333,4.929991509757836,100.0,0,False
Tabby,7,4.841589949344154,4.046852427941109,4.7930478960477,4.799593610087607,4.1563217162051025,2.947272429729187,4.596579370353146,24.143121794788243,4.798809605316655,86.65520073434934,1,False
Orange,3,5.494492711518711,6.2575615853371565,5.529694451923426,4.627291152498751,7.0398438124233795,2.5649909824877737,4.798824167859805,19.008070048396466,1.0214750630785887,100.0,0,True
Tabby,2,2.2468833111430975,2.3997615750582546,2.3743629550605276,8.662123173262954,1.6263856067418265,5.0,3.5037578470067112,21.760507308021737,3.532281477745029,84.10874119831935,1,False
Calico,5,3.822284370454894,3.537828646366725,1.9699129646262015,7.015678510420678,2.7267881438350305,3.8545505320041658,2.943248011573587,29.787129929770735,3.1767416635345174,69.89227131855918,1,False
Tuxedo,13,-0.3417611892922805,1.0,1.0,10.0,0.0,5.0,5.152279749817106,23.661870198934558,5.0,52.43419800012592,1,False
Tabby,8,4.915419320036245,5.215099150736065,5.987667558584163,5.103938928007262,2.9279870811577573,3.009939658654534,4.233245725503078,14.085519400326586,1.9122387450239409,100.0,0,True
Tabby,6,4.943780471195934,5.230022672612111,6.4419366052002305,1.5704691610788222,6.080121238233581,1.5477350143150037,4.578790806344001,19.648807459731934,1.4238080408768883,93.01087444587303,1,True
Orange,1,9.891938017485835,10.0,10.0,1.0,9.818101138885186,1.3168167836727989,4.771782501129245,7.483244823116091,0.5,100.0,1,True
Orange,13,7.696162577331866,6.967868384627749,7.30090391956759,3.4095569745208345,8.194114698436444,2.4149091783300953,5.15525135287052,20.6530092829462,0.5,100.0,0,True
Tabby,10,2.660218511102409,3.1119029206599653,2.9997831353106967,8.498592897064725,1.860378052834243,5.0,5.216503081235243,18.470824022311266,3.5060748434571574,91.55135429559134,0,False
Calico,8,4.677574340319762,4.70894976414976,4.303999838145451,4.519016358961685,6.303163918398175,3.1764800941260227,2.794290976282063,17.821547137959296,2.425835928718783,90.58399325878875,1,False
Orange,7,7.41215654369003,6.418364772270576,5.236319406327646,5.278153095067715,7.2873209786641375,3.2577000861683034,4.526167527181418,13.932697325361728,3.5459437312794835,100.0,1,True
Tabby,13,2.8014490698837746,4.6586476844394875,5.535703630141816,4.506405727346741,4.521955632233654,2.528710719626849,4.678344826447014,17.496773652071578,2.880706268126754,100.0,1,True
Calico,5,6.92208231437876,8.598508331452532,7.863183121717839,1.0,8.72443529477869,1.3701284924626094,2.7894973206115052,22.80714987956506,0.5,100.0,1,True
Orange,12,4.1522545865489695,4.291848721109304,5.3687309829236,3.879843161919282,2.5638321864391194,2.0897505391176217,4.961066006853685,13.149807314354705,5.0,98.51117072923559,1,False
Orange,11,7.68534106493469,7.18383889054029,7.5823944321262,1.0,7.332427176760737,1.3800342351324801,5.316664148757225,28.15724667234603,1.0103931153851797,100.0,0,True
Tabby,7,3.0666813434924363,2.6685108573369924,2.6735973381860756,6.471507354487907,4.314374650550361,3.7005951360481424,4.657245049837654,26.818342152023476,3.7248497339758226,64.58154619086567,0,False
Calico,11,-0.43520669608555096,1.0,1.7416365660193796,7.804080391149262,0.0,4.44893890159712,4.726253609389483,22.381495953149148,4.6006143064905345,70.1004947043701,1,False
Tabby,11,4.800619237445605,2.29916448063701,4.543036757968924,5.946845507633004,6.230525367261711,3.4106029882780744,4.615370821525525,17.588069531719224,3.7153129354283028,75.44095171701656,0,False
Calico,5,2.6070368684184735,3.5494679220056904,4.325132779447529,6.166955912222729,1.9524328254343128,4.0134565539824925,5.461302098650628,24.123593976652046,3.044193324985298,77.95258730397016,1,False
Orange,9,2.930159885026295,2.5739703845120783,1.8407761056442706,10.0,2.10227478900939,5.0,4.564444182197942,27.634343916638556,3.374458231646702,67.75634023765971,0,False
Tuxedo,9,5.426441956953251,5.681805599114599,4.8499234342323945,4.337125002303216,5.0093384479971474,2.5916565815363173,4.537556560164138,16.534117104269725,4.189386111750297,100.0,1,False
Calico,11,6.395126301337365,6.883173207709325,6.574545778327969,3.043720328414915,7.45774435479106,1.6688882497930955,3.5210176655304872,22.109055894622514,1.9964436993250616,100.0,1,True
Tabby,13,3.7101032985545976,4.168570843267201,4.198229782143901,7.130817705347485,5.700713844592179,4.388114626466309,6.603843604492534,30.0,2.625268898141373,99.79506954699616,1,False
Calico,14,8.659552603941105,8.269276089095463,7.912196007512244,2.077411848980994,9.428219631445675,1.211379560129423,5.214937275570537,13.416960773037642,0.8755023789156781,100.0,1,True
Tabby,9,7.337745468253489,7.083770190432934,6.630401684046862,5.15030691657014,7.19538157206107,2.6669498331845714,4.811438981755055,20.317987665313527,2.3712683426869914,100.0,0,True
Calico,13,7.100683590129127,7.798212858772536,6.629729299343165,3.1341065154147043,7.177078321569942,1.8300769106376453,5.2265377715996655,14.30714990528493,0.8097397368070591,100.0,1,True
Tuxedo,13,8.598947755829847,7.981008813528005,8.157163538520324,2.511966545114876,7.0119836246710925,1.8478917477665748,5.499847518451171,17.421010192733636,2.5884636854521164,100.0,1,True
Calico,5,0.9290264658969374,1.6480207446078392,1.6072183056010012,6.9582962513872895,0.13759123155889919,3.6007512792916865,3.7192356591895956,24.227256510932737,5.0,76.71335101723521,0,False
Tabby,1,6.965565426679522,5.608133733572951,6.340899997874284,5.6805778395253075,8.453558483098787,3.373902324784288,2.5,25.694597992689364,3.657864030028375,100.0,1,False
Tuxedo,1,2.1664724021536133,3.2443996401776474,1.9246258000001966,9.059511601815283,2.9582614421929114,5.0,4.305119811142765,29.3336900192724,3.3124227958566497,78.75844344740605,1,False
Tuxedo,13,6.510211141231588,6.656578192018425,7.744147454543774,1.9777284112263227,5.351057209111845,1.2600827425612307,4.784769403670851,6.487753854362861,0.5,100.0,1,True
Tuxedo,9,3.0928881061585725,3.350133313255733,2.766286204233218,6.75187476138316,4.242522070165895,4.085296858948779,6.973069105180192,30.0,5.0,100.0,0,False
Tuxedo,10,2.6703471293265872,2.8682120584641373,2.3480311046732707,8.958887011492985,4.60633991578009,4.844260017581729,5.160468694447491,27.4600350629246,4.319920300393279,82.29182736042144,0,False
Calico,14,6.911833567779499,7.996570810856028,8.647725043701739,1.3823531465799466,4.956333428052141,1.231218785826393,4.946824126690052,19.330822232265483,1.839750060305148,100.0,0,True
Calico,14,3.4088505236605258,3.2174390495760385,4.061554344711231,7.5926223643825,1.7737127959014387,4.179329733422248,7.810657561715642,19.624272691770695,2.8433748294431247,91.81117055629781,0,False
Tabby,11,4.488743748729735,4.308026713139599,3.9173120857836268,4.8752762311828155,5.528497938403568,3.2637127596820386,4.74459466694218,26.285293141475016,3.2066529616295836,92.62983058845383,0,False
Tuxedo,4,6.2444644750368274,4.48762598534459,4.786433228840192,3.5953046172340395,7.984633541106673,2.663868587591482,5.336023564638688,24.21563666600713,3.006564796008402,94.27564107594708,1,True
Tabby,14,8.874722123070887,6.756865381582179,8.123779561647464,1.6488347058420192,6.948048623627345,1.755185865772018,5.3297730598194395,30.0,0.746869234373546,100.0,1,True
Orange,5,4.66876233097823,2.515902652893153,2.9460892466988513,7.0393322009918,2.8378510428643295,3.914080171649366,4.402973552244092,22.48723134377104,4.077387197955154,73.45946059476228,0,False
Orange,11,4.161451954557053,4.563302350289171,5.558636938598719,4.29214559134873,4.637692435854618,2.768416521316332,6.120858399544256,13.128100038196262,1.9506385224329654,97.68522190422094,1,False
Calico,6,3.1852129032554144,2.961759955742383,2.2863311234747243,8.735020538389742,1.4869412182503474,4.84858427026711,3.010160399198559,28.755414740395427,2.1184821390177553,87.78845293586036,1,False
Tabby,5,6.701363933308606,6.43312776022683,5.976617280320885,4.27321870563287,7.663408385868733,2.2604745917646794,4.875115213824354,22.029922860426748,3.4145306503201676,100.0,0,False
Orange,7,4.941953859512679,6.114369687535604,5.471883357797916,4.431667076457455,4.591665830662604,2.935432809359056,5.2570161424919215,23.49274948201635,1.6495555467927299,100.0,1,False
Orange,14,4.0966220943922895,2.5745136607326344,3.395343836492483,7.863682861019672,3.517316741424806,4.056588924997692,6.698048941676264,29.379789610670073,3.471391547378917,78.93073745888275,1,False
Orange,14,4.509387992066802,4.6553864959786555,4.694818759230797,6.712319006609647,3.9032501922271363,3.8124154676409536,5.225203156484392,13.24707761279543,1.4913456168628172,92.28021370542733,0,True
Calico,2,3.62568906744918,3.2437979181143577,4.114583544316147,7.176664619251725,4.201977458195776,4.315045257509142,3.7247254131283056,17.147159365287315,3.9790383333160797,100.0,1,False
Tabby,8,5.561084879296993,6.102190971550582,6.808504901851204,3.345706163746338,3.9964527367485374,1.9224695422143423,4.190872437158593,16.116617025253337,3.0511226988009987,100.0,1,True
Calico,13,2.471656149234381,3.230187743169633,5.381798205333625,4.0791852287561134,3.919476894416422,2.21606224217606,4.847045799793477,21.21100308465598,2.6851838219621924,89.33147169031652,0,False
Calico,12,3.090608243165406,3.2299765072943982,5.232863259370982,7.225230007341672,4.068581140087972,3.67677432735414,6.144401960447699,25.190981264710135,2.1687425184128335,72.47771609323392,0,False
Tabby,10,4.629978657276732,5.733047364644639,5.234221863646609,6.149419612963551,4.439621215211208,3.524817661178789,5.389122330711719,26.490721995095285,3.760340039926329,100.0,1,False
Calico,5,5.578295547327146,5.8044484572297534,4.789371578691341,5.574643243373314,5.544975683367777,3.054401292547333,4.034420969982225,29.458667622766406,3.205071932872509,100.0,1,False
Calico,12,1.9856025305304676,2.391532299366377,1.0,9.404958509096794,2.818039493843315,5.0,3.352529181821165,28.234412223495895,3.868192679955609,77.5806895990666,0,False
Tabby,11,8.321464394618939,8.963175644942469,8.579088263089208,1.0,8.229348402485885,1.3530716035219272,5.646614281532692,10.488597838465985,0.9572574688714527,100.0,0,True
Tabby,14,6.2397800893818856,4.681010055294664,4.231720031702037,5.402955798573612,5.795684077452284,3.5817134930115286,4.8741374999625355,29.4262308226451,1.3350481709124689,90.9633371612209,0,False
Tabby,6,8.018051800197462,7.889080570432684,7.067870989206875,2.267996073780653,7.675471909399066,1.9871005894641312,3.6621787409224447,17.275123885038923,0.5,100.0,1,False
Tuxedo,11,2.3732944451710183,3.443087616334934,3.0564015849139197,6.304015288000942,3.9833469066459872,3.4350057960984515,5.919440392350231,27.786748165970437,3.0473837864126896,63.88407228084552,0,False
Calico,6,5.844674034457625,6.183800865589131,8.108194416938748,1.833963807778979,5.387517117328397,1.2500876241754844,4.885527932020545,24.122920017770006,0.6387004551751909,100.0,0,True
Tuxedo,12,7.06048569359656,6.907106576660542,7.218675639967452,2.148333513299651,7.183861382812273,1.5433856678184896,4.538921208820598,11.493318261172615,1.16922142215294,100.0,1,True
Orange,3,6.09152695149241,3.7931859411171995,4.99217675548428,5.383913113211346,7.566014587180163,2.7046501966031635,5.218594594193865,19.730262538662323,2.8489739388906887,89.51250107267876,1,False
Tabby,3,2.897565759443313,3.8199274382501462,1.8997111676927088,7.816850354908031,3.531328130499983,4.015267442371384,2.5477381961864642,24.739892182351873,4.237373935406038,74.47457395249485,1,False
Calico,5,7.649992037676186,8.16221569591322,8.099794572401866,1.0,7.316217396603742,1.1999577908667485,5.406208559226294,9.1829748199137,2.1509043094011098,100.0,0,True
Tuxedo,10,5.790657515583623,6.402291094648581,7.388421729071275,2.886739019898809,4.672899505660791,1.6508681410858967,5.014939633634452,12.953539353752648,0.7354287994126021,100.0,0,False
Orange,4,4.130089648957409,4.678745289311128,5.596417980243772,5.867874086292757,5.6315315279393285,3.597965142541815,5.938307110920611,16.075715244706146,3.391979322613615,100.0,0,True
Tuxedo,1,4.4596245675547035,3.7124564709047236,3.0960913704032667,5.52508339440159,4.009943600362282,3.2812618490310594,4.68550448593383,15.740779670600936,3.137880114756272,84.09841585211578,1,True
Orange,13,6.723898013228392,9.552757210364133,10.0,1.2500341340377796,5.262234858953371,1.4235030868844731,6.445861178709363,12.820347163107659,0.5,100.0,1,True
Calico,11,6.378046288638026,6.713047355201395,4.987658871590346,7.167382147742844,7.610198925756846,3.9213235144453447,6.084906242689859,24.76563839282355,2.1158612049198853,100.0,0,True
Tabby,12,2.9887361672312793,3.368749843699515,2.784323514176764,9.23379123765842,1.3049145942433835,5.0,4.777818441911277,22.380531466133174,2.8469790751070834,77.57968325827444,0,False
Tabby,10,3.6402812827451982,4.336838241634078,5.524947671249805,4.006149426998868,3.9795136886912936,2.9367735249084683,3.6536200342790135,18.23390506169319,0.9834623702445493,85.67356477724694,0,True
Calico,14,1.5934713008161827,2.001398267116472,3.9794487158034375,5.36085024742606,0.6222186453778948,3.5853767232903992,6.096748738698555,13.854593720122416,5.0,81.02564825520176,0,False
Calico,9,3.8299555480484972,4.03955054021907,5.700919053291796,4.571414926491838,2.460839962734727,3.2007585911894756,5.310494333325803,25.129776840664444,4.230515443839263,75.69471498247145,0,False
Calico,14,3.9798143621933066,4.706079373020587,4.789485083934168,6.513904636436367,3.422593483024966,3.9182430638011514,7.817446198576624,19.708362720405727,2.211481343510197,91.07421933801767,0,False
Tuxedo,14,0.9888814724257022,1.1315788935661515,2.148333167921596,8.258610538832452,2.173687362083381,4.205952140771725,5.166577422447419,23.24886315272153,4.781730569527169,63.02301943898032,0,False
